create database exam;
use exam;
create table cust(cust_id int primary key not null,cust_name varchar(20));
create table item(item_id int primary key not null,item_name varchar(20));
alter table item add price int;
insert into cust values(101,"Anju");
insert into item values(201,"Pizza",110);
insert into cust values(102,"Ammu");
insert into cust values(104,"Appu");
insert into cust values(103,"Akku");
insert into item values(202,"Burger",130);
insert into item values(203,"Sandwitch",140);
insert into item values(204,"Ladu",160);
insert into item values(205,"Sweets",260);

select * from cust;
select * from item;
create table sale12(billno int primary key not null,bill_date date ,cust_id int, foreign key(cust_id )references cust(cust_id),item_id int ,foreign key(item_id)references item(item_id)on delete cascade,qty_sold int);
select * from sale12;
insert into sale12 values(1,2022-10-10,101,201,5);
insert into sale12 values(2,2022-11-11,102,202,15);
insert into sale12 values(3,2022-10-10,103,203,25);
insert into sale12 values(4,2022-09-10,104,204,45);
insert into sale12 values(5,2022-09-10,104,205,45);
select item_name,cust_name from item ,cust where cust_id=104 ;
select o.cust_id,o.item_id from item o inner join cust od on od.item_id=o.item_id and od.item_id=o.cust_id where cust_id=104;
select sale12.item_id,cust.cust_name from sale12,cust,item where sale12.bill_date="2022-06-14" and sale12.cust_id=cust.cust_id and sale12.item_id=item.item_id;
select sale12.qty_sold,item.price,sum(price)from sale12,item where sale12.item_id=item.item_id;
select cust.cust_id,cust.cust_name,item.item_name,item.price from cust,item,sale12 where item.price>200 and cust.cust_id=sale12.cust_id and item.item_id=sale12.item_id;
select * from sale12;
select * from cust;
select * from item;
select item.item_name,cust.cust_id from cust,item,sale12 where cust_id=104;
